[{"symbol": "AMZN", "bestPredictor": "AAPL", "numPaths": 1275}, {"symbol": "AAPL", "bestPredictor": "AAP", "numPaths": 6973}, {"symbol": "JNJ", "bestPredictor": "ALL", "numPaths": 104}, {"symbol": "JPM", "bestPredictor": "AAPL", "numPaths": 161}, {"symbol": "XOM", "bestPredictor": "MAR", "numPaths": 111}, {"symbol": "WMT", "bestPredictor": "MAR", "numPaths": 125}, {"symbol": "BAC", "bestPredictor": "AAP", "numPaths": 927}, {"symbol": "DIS", "bestPredictor": "ALL", "numPaths": 1175}, {"symbol": "CSCO", "bestPredictor": "AAPL", "numPaths": 86}, {"symbol": "UNH", "bestPredictor": "ARE", "numPaths": 96}, {"symbol": "PFE", "bestPredictor": "AAP", "numPaths": 448}, {"symbol": "INTC", "bestPredictor": "AAP", "numPaths": 203}, {"symbol": "CVX", "bestPredictor": "AAP", "numPaths": 75}, {"symbol": "WFC", "bestPredictor": "ALL", "numPaths": 71}, {"symbol": "MRK", "bestPredictor": "AAPL", "numPaths": 436}, {"symbol": "CMCSA", "bestPredictor": "NFLX", "numPaths": 55}, {"symbol": "ORCL", "bestPredictor": "RCL", "numPaths": 196}, {"symbol": "PEP", "bestPredictor": "AMP", "numPaths": 91}, {"symbol": "NFLX", "bestPredictor": "AAPL", "numPaths": 829}, {"symbol": "MCD", "bestPredictor": "AAP", "numPaths": 485}, {"symbol": "ABT", "bestPredictor": "DIS", "numPaths": 53}, {"symbol": "ADBE", "bestPredictor": "DIS", "numPaths": 70}, {"symbol": "NKE", "bestPredictor": "LIN", "numPaths": 197}, {"symbol": "PYPL", "bestPredictor": "MAR", "numPaths": 89}, {"symbol": "UNP", "bestPredictor": "HAS", "numPaths": 78}, {"symbol": "HON", "bestPredictor": "ALL", "numPaths": 707}, {"symbol": "IBM", "bestPredictor": "ARE", "numPaths": 494}, {"symbol": "CRM", "bestPredictor": "ARE", "numPaths": 89}, {"symbol": "AVGO", "bestPredictor": "AAP", "numPaths": 66}, {"symbol": "MDT", "bestPredictor": "AAP", "numPaths": 53}, {"symbol": "UTX", "bestPredictor": "ROL", "numPaths": 59}, {"symbol": "ABBV", "bestPredictor": "DOW", "numPaths": 48}, {"symbol": "LLY", "bestPredictor": "ALL", "numPaths": 2058}, {"symbol": "ACN", "bestPredictor": "ESS", "numPaths": 63}, {"symbol": "TMO", "bestPredictor": "AAPL", "numPaths": 88}, {"symbol": "NVDA", "bestPredictor": "AAP", "numPaths": 297}, {"symbol": "TXN", "bestPredictor": "AZO", "numPaths": 55}, {"symbol": "COST", "bestPredictor": "ESS", "numPaths": 238}, {"symbol": "AMGN", "bestPredictor": "AAP", "numPaths": 121}, {"symbol": "MMM", "bestPredictor": "AMZN", "numPaths": 389}, {"symbol": "QCOM", "bestPredictor": "AAP", "numPaths": 675}, {"symbol": "LIN", "bestPredictor": "ALL", "numPaths": 1504}, {"symbol": "AXP", "bestPredictor": "BAC", "numPaths": 71}, {"symbol": "SBUX", "bestPredictor": "NFLX", "numPaths": 62}, {"symbol": "DHR", "bestPredictor": "ICE", "numPaths": 54}, {"symbol": "LMT", "bestPredictor": "ALL", "numPaths": 56}, {"symbol": "NEE", "bestPredictor": "ARE", "numPaths": 618}, {"symbol": "UPS", "bestPredictor": "ALL", "numPaths": 201}, {"symbol": "AMT", "bestPredictor": "LIN", "numPaths": 77}, {"symbol": "LOW", "bestPredictor": "ALL", "numPaths": 1302}, {"symbol": "USB", "bestPredictor": "ALL", "numPaths": 221}, {"symbol": "GILD", "bestPredictor": "AAPL", "numPaths": 77}, {"symbol": "CHTR", "bestPredictor": "ESS", "numPaths": 45}, {"symbol": "BKNG", "bestPredictor": "NFLX", "numPaths": 49}, {"symbol": "BMY", "bestPredictor": "LOW", "numPaths": 63}, {"symbol": "CAT", "bestPredictor": "ARE", "numPaths": 797}, {"symbol": "MDLZ", "bestPredictor": "AAP", "numPaths": 63}, {"symbol": "CVS", "bestPredictor": "AAP", "numPaths": 481}, {"symbol": "BLK", "bestPredictor": "ICE", "numPaths": 56}, {"symbol": "DWDP", "bestPredictor": "LMT", "numPaths": 48}, {"symbol": "SYK", "bestPredictor": "SEE", "numPaths": 47}, {"symbol": "COP", "bestPredictor": "LIN", "numPaths": 374}, {"symbol": "ADP", "bestPredictor": "HON", "numPaths": 145}, {"symbol": "ANTM", "bestPredictor": "EXC", "numPaths": 59}, {"symbol": "CELG", "bestPredictor": "AMD", "numPaths": 67}, {"symbol": "TJX", "bestPredictor": "HES", "numPaths": 55}, {"symbol": "DUK", "bestPredictor": "ESS", "numPaths": 112}, {"symbol": "CSX", "bestPredictor": "BAC", "numPaths": 53}, {"symbol": "CME", "bestPredictor": "MAR", "numPaths": 65}, {"symbol": "INTU", "bestPredictor": "LLY", "numPaths": 55}, {"symbol": "BDX", "bestPredictor": "PFG", "numPaths": 46}, {"symbol": "SCHW", "bestPredictor": "HON", "numPaths": 55}, {"symbol": "PNC", "bestPredictor": "OXY", "numPaths": 55}, {"symbol": "ISRG", "bestPredictor": "DOW", "numPaths": 49}, {"symbol": "SLB", "bestPredictor": "HES", "numPaths": 57}, {"symbol": "EOG", "bestPredictor": "LIN", "numPaths": 55}, {"symbol": "NSC", "bestPredictor": "ALL", "numPaths": 157}, {"symbol": "SPG", "bestPredictor": "DIS", "numPaths": 52}, {"symbol": "SPGI", "bestPredictor": "WELL", "numPaths": 49}, {"symbol": "ECL", "bestPredictor": "LIN", "numPaths": 296}, {"symbol": "CCI", "bestPredictor": "ALL", "numPaths": 118}, {"symbol": "BSX", "bestPredictor": "ALL", "numPaths": 65}, {"symbol": "RTN", "bestPredictor": "ARE", "numPaths": 575}, {"symbol": "ITW", "bestPredictor": "AMP", "numPaths": 56}, {"symbol": "NOC", "bestPredictor": "ALL", "numPaths": 111}, {"symbol": "WBA", "bestPredictor": "DIS", "numPaths": 65}, {"symbol": "ZTS", "bestPredictor": "ICE", "numPaths": 55}, {"symbol": "MMC", "bestPredictor": "ALL", "numPaths": 50}, {"symbol": "ILMN", "bestPredictor": "APD", "numPaths": 47}, {"symbol": "PLD", "bestPredictor": "STI", "numPaths": 56}, {"symbol": "EXC", "bestPredictor": "ALL", "numPaths": 430}, {"symbol": "FDX", "bestPredictor": "NKE", "numPaths": 63}, {"symbol": "AGN", "bestPredictor": "ALL", "numPaths": 173}, {"symbol": "ICE", "bestPredictor": "ARE", "numPaths": 1400}, {"symbol": "MAR", "bestPredictor": "ALL", "numPaths": 1513}, {"symbol": "MET", "bestPredictor": "ALL", "numPaths": 464}, {"symbol": "OXY", "bestPredictor": "AAP", "numPaths": 93}, {"symbol": "APD", "bestPredictor": "AZO", "numPaths": 72}, {"symbol": "BIIB", "bestPredictor": "AMP", "numPaths": 45}, {"symbol": "KMI", "bestPredictor": "MAR", "numPaths": 72}, {"symbol": "AIG", "bestPredictor": "ALL", "numPaths": 166}, {"symbol": "KMB", "bestPredictor": "ALL", "numPaths": 49}, {"symbol": "VRTX", "bestPredictor": "AMG", "numPaths": 81}, {"symbol": "HCA", "bestPredictor": "ARE", "numPaths": 226}, {"symbol": "AON", "bestPredictor": "LIN", "numPaths": 67}, {"symbol": "COF", "bestPredictor": "ALL", "numPaths": 151}, {"symbol": "PGR", "bestPredictor": "ALL", "numPaths": 138}, {"symbol": "AEP", "bestPredictor": "ALL", "numPaths": 57}, {"symbol": "ADI", "bestPredictor": "ALL", "numPaths": 710}, {"symbol": "EMR", "bestPredictor": "ICE", "numPaths": 58}, {"symbol": "SHW", "bestPredictor": "ESS", "numPaths": 70}, {"symbol": "PRU", "bestPredictor": "ESS", "numPaths": 67}, {"symbol": "EQIX", "bestPredictor": "RHT", "numPaths": 51}, {"symbol": "STZ", "bestPredictor": "AME", "numPaths": 55}, {"symbol": "AMAT", "bestPredictor": "MAT", "numPaths": 88}, {"symbol": "KHC", "bestPredictor": "ESS", "numPaths": 64}, {"symbol": "DOW", "bestPredictor": "ALL", "numPaths": 1082}, {"symbol": "BAX", "bestPredictor": "DIS", "numPaths": 57}, {"symbol": "PSA", "bestPredictor": "ALL", "numPaths": 82}, {"symbol": "CCL", "bestPredictor": "ALL", "numPaths": 108}, {"symbol": "TGT", "bestPredictor": "ALL", "numPaths": 79}, {"symbol": "PSX", "bestPredictor": "CAT", "numPaths": 49}, {"symbol": "APC", "bestPredictor": "AAP", "numPaths": 84}, {"symbol": "BBT", "bestPredictor": "HRS", "numPaths": 48}, {"symbol": "ADSK", "bestPredictor": "HES", "numPaths": 46}, {"symbol": "AFL", "bestPredictor": "LOW", "numPaths": 78}, {"symbol": "FIS", "bestPredictor": "ICE", "numPaths": 119}, {"symbol": "MPC", "bestPredictor": "ALL", "numPaths": 120}, {"symbol": "SYY", "bestPredictor": "HAS", "numPaths": 60}, {"symbol": "VFC", "bestPredictor": "ESS", "numPaths": 56}, {"symbol": "DAL", "bestPredictor": "ALL", "numPaths": 220}, {"symbol": "TRV", "bestPredictor": "HON", "numPaths": 56}, {"symbol": "ROP", "bestPredictor": "ALL", "numPaths": 368}, {"symbol": "MCO", "bestPredictor": "ALL", "numPaths": 110}, {"symbol": "ATVI", "bestPredictor": "AAPL", "numPaths": 402}, {"symbol": "REGN", "bestPredictor": "REG", "numPaths": 63}, {"symbol": "ROST", "bestPredictor": "ESS", "numPaths": 78}, {"symbol": "JCI", "bestPredictor": "ESS", "numPaths": 56}, {"symbol": "SRE", "bestPredictor": "ALL", "numPaths": 93}, {"symbol": "VLO", "bestPredictor": "AMP", "numPaths": 57}, {"symbol": "ETN", "bestPredictor": "ESS", "numPaths": 79}, {"symbol": "MNST", "bestPredictor": "NKE", "numPaths": 53}, {"symbol": "FISV", "bestPredictor": "BAX", "numPaths": 47}, {"symbol": "CTSH", "bestPredictor": "AAPL", "numPaths": 54}, {"symbol": "HUM", "bestPredictor": "ESS", "numPaths": 246}, {"symbol": "WMB", "bestPredictor": "LIN", "numPaths": 54}, {"symbol": "RHT", "bestPredictor": "ESS", "numPaths": 60}, {"symbol": "EBAY", "bestPredictor": "AAP", "numPaths": 59}, {"symbol": "ALL", "bestPredictor": "ARE", "numPaths": 2104}, {"symbol": "YUM", "bestPredictor": "ARE", "numPaths": 81}, {"symbol": "LYB", "bestPredictor": "MAR", "numPaths": 56}, {"symbol": "TEL", "bestPredictor": "ALL", "numPaths": 670}, {"symbol": "WELL", "bestPredictor": "ALL", "numPaths": 400}, {"symbol": "GIS", "bestPredictor": "REG", "numPaths": 376}, {"symbol": "PAYX", "bestPredictor": "MAS", "numPaths": 45}, {"symbol": "HPQ", "bestPredictor": "ARE", "numPaths": 56}, {"symbol": "XLNX", "bestPredictor": "ALL", "numPaths": 71}, {"symbol": "ALXN", "bestPredictor": "NWL", "numPaths": 50}, {"symbol": "TWTR", "bestPredictor": "AMZN", "numPaths": 515}, {"symbol": "LRCX", "bestPredictor": "QCOM", "numPaths": 45}, {"symbol": "AMD", "bestPredictor": "AAP", "numPaths": 847}, {"symbol": "PEG", "bestPredictor": "ALL", "numPaths": 65}, {"symbol": "ORLY", "bestPredictor": "MMM", "numPaths": 45}, {"symbol": "XEL", "bestPredictor": "MAR", "numPaths": 69}, {"symbol": "LUV", "bestPredictor": "ESS", "numPaths": 63}, {"symbol": "APH", "bestPredictor": "ESS", "numPaths": 374}, {"symbol": "TSN", "bestPredictor": "ALL", "numPaths": 59}, {"symbol": "STI", "bestPredictor": "ALL", "numPaths": 1297}, {"symbol": "EQR", "bestPredictor": "ALL", "numPaths": 46}, {"symbol": "FTV", "bestPredictor": "BAC", "numPaths": 47}, {"symbol": "AVB", "bestPredictor": "HAS", "numPaths": 55}, {"symbol": "OKE", "bestPredictor": "ROK", "numPaths": 424}, {"symbol": "PPG", "bestPredictor": "ARE", "numPaths": 54}, {"symbol": "RCL", "bestPredictor": "ORCL", "numPaths": 196}, {"symbol": "RSG", "bestPredictor": "ESS", "numPaths": 60}, {"symbol": "IQV", "bestPredictor": "ESS", "numPaths": 51}, {"symbol": "HLT", "bestPredictor": "ESS", "numPaths": 52}, {"symbol": "CMI", "bestPredictor": "AAP", "numPaths": 61}, {"symbol": "HSY", "bestPredictor": "ICE", "numPaths": 57}, {"symbol": "ALGN", "bestPredictor": "NKTR", "numPaths": 56}, {"symbol": "DFS", "bestPredictor": "ESS", "numPaths": 56}, {"symbol": "PXD", "bestPredictor": "ALL", "numPaths": 53}, {"symbol": "TDG", "bestPredictor": "ESS", "numPaths": 53}, {"symbol": "DLTR", "bestPredictor": "DHI", "numPaths": 47}, {"symbol": "MCK", "bestPredictor": "LIN", "numPaths": 59}, {"symbol": "BF.B", "bestPredictor": "ESS", "numPaths": 56}, {"symbol": "AZO", "bestPredictor": "ESS", "numPaths": 2938}, {"symbol": "ZBH", "bestPredictor": "ALL", "numPaths": 53}, {"symbol": "NEM", "bestPredictor": "ALL", "numPaths": 122}, {"symbol": "DLR", "bestPredictor": "ARE", "numPaths": 54}, {"symbol": "WEC", "bestPredictor": "ICE", "numPaths": 62}, {"symbol": "TROW", "bestPredictor": "TPR", "numPaths": 43}, {"symbol": "GLW", "bestPredictor": "AAPL", "numPaths": 68}, {"symbol": "STT", "bestPredictor": "ALL", "numPaths": 96}, {"symbol": "PCAR", "bestPredictor": "NTRS", "numPaths": 44}, {"symbol": "ADM", "bestPredictor": "ALL", "numPaths": 231}, {"symbol": "BHGE", "bestPredictor": "EQIX", "numPaths": 48}, {"symbol": "CNC", "bestPredictor": "ICE", "numPaths": 55}, {"symbol": "SBAC", "bestPredictor": "AMP", "numPaths": 52}, {"symbol": "SYF", "bestPredictor": "ATO", "numPaths": 54}, {"symbol": "MSI", "bestPredictor": "ESS", "numPaths": 74}, {"symbol": "HAL", "bestPredictor": "ALL", "numPaths": 624}, {"symbol": "CTAS", "bestPredictor": "SWKS", "numPaths": 47}, {"symbol": "FOXA", "bestPredictor": "FCX", "numPaths": 51}, {"symbol": "VRSK", "bestPredictor": "SYF", "numPaths": 48}, {"symbol": "VRSN", "bestPredictor": "IRM", "numPaths": 51}, {"symbol": "MTB", "bestPredictor": "ARE", "numPaths": 61}, {"symbol": "GPN", "bestPredictor": "AZO", "numPaths": 91}, {"symbol": "FOX", "bestPredictor": "ESS", "numPaths": 97}, {"symbol": "WLTW", "bestPredictor": "FOXA", "numPaths": 44}, {"symbol": "FLT", "bestPredictor": "ALL", "numPaths": 51}, {"symbol": "DTE", "bestPredictor": "STI", "numPaths": 140}, {"symbol": "INFO", "bestPredictor": "MAT", "numPaths": 320}, {"symbol": "UAL", "bestPredictor": "ALL", "numPaths": 828}, {"symbol": "CERN", "bestPredictor": "ALL", "numPaths": 110}, {"symbol": "PPL", "bestPredictor": "AAP", "numPaths": 1802}, {"symbol": "SWK", "bestPredictor": "AAP", "numPaths": 73}, {"symbol": "MCHP", "bestPredictor": "ORCL", "numPaths": 50}, {"symbol": "CXO", "bestPredictor": "ALK", "numPaths": 56}, {"symbol": "VTR", "bestPredictor": "USB", "numPaths": 56}, {"symbol": "HPE", "bestPredictor": "ESS", "numPaths": 64}, {"symbol": "NTRS", "bestPredictor": "NKTR", "numPaths": 47}, {"symbol": "IDXX", "bestPredictor": "DIS", "numPaths": 49}, {"symbol": "HRS", "bestPredictor": "ICE", "numPaths": 69}, {"symbol": "HRL", "bestPredictor": "ICE", "numPaths": 53}, {"symbol": "BLL", "bestPredictor": "AZO", "numPaths": 50}, {"symbol": "APTV", "bestPredictor": "TSS", "numPaths": 47}, {"symbol": "FITB", "bestPredictor": "ESS", "numPaths": 58}, {"symbol": "ULTA", "bestPredictor": "PPL", "numPaths": 51}, {"symbol": "MKC", "bestPredictor": "ESS", "numPaths": 53}, {"symbol": "ANET", "bestPredictor": "ARE", "numPaths": 109}, {"symbol": "ROK", "bestPredictor": "OKE", "numPaths": 424}, {"symbol": "BXP", "bestPredictor": "NWS", "numPaths": 54}, {"symbol": "BBY", "bestPredictor": "ALL", "numPaths": 96}, {"symbol": "EIX", "bestPredictor": "ICE", "numPaths": 53}, {"symbol": "CMG", "bestPredictor": "AAPL", "numPaths": 74}, {"symbol": "AME", "bestPredictor": "ALL", "numPaths": 1186}, {"symbol": "CDNS", "bestPredictor": "HES", "numPaths": 53}, {"symbol": "AMP", "bestPredictor": "ALL", "numPaths": 1413}, {"symbol": "HES", "bestPredictor": "ARE", "numPaths": 785}, {"symbol": "HIG", "bestPredictor": "ALL", "numPaths": 703}, {"symbol": "FAST", "bestPredictor": "LIN", "numPaths": 314}, {"symbol": "MSCI", "bestPredictor": "MAR", "numPaths": 51}, {"symbol": "CLX", "bestPredictor": "LOW", "numPaths": 65}, {"symbol": "AWK", "bestPredictor": "AAP", "numPaths": 125}, {"symbol": "KLAC", "bestPredictor": "AME", "numPaths": 60}, {"symbol": "MTD", "bestPredictor": "AMP", "numPaths": 50}, {"symbol": "ESS", "bestPredictor": "AZO", "numPaths": 2938}, {"symbol": "LLL", "bestPredictor": "ALL", "numPaths": 253}, {"symbol": "CBS", "bestPredictor": "ICE", "numPaths": 86}, {"symbol": "EXPE", "bestPredictor": "ALL", "numPaths": 693}, {"symbol": "CHD", "bestPredictor": "ESS", "numPaths": 59}, {"symbol": "ETR", "bestPredictor": "ALL", "numPaths": 320}, {"symbol": "INCY", "bestPredictor": "AMD", "numPaths": 47}, {"symbol": "SNPS", "bestPredictor": "DIS", "numPaths": 48}, {"symbol": "TSS", "bestPredictor": "CAT", "numPaths": 60}, {"symbol": "AEE", "bestPredictor": "ADI", "numPaths": 47}, {"symbol": "FANG", "bestPredictor": "AMZN", "numPaths": 60}, {"symbol": "OMC", "bestPredictor": "ALL", "numPaths": 108}, {"symbol": "KEY", "bestPredictor": "ESS", "numPaths": 348}, {"symbol": "NUE", "bestPredictor": "AAP", "numPaths": 1026}, {"symbol": "BEN", "bestPredictor": "ALL", "numPaths": 350}, {"symbol": "FRC", "bestPredictor": "ARE", "numPaths": 62}, {"symbol": "VMC", "bestPredictor": "BAC", "numPaths": 61}, {"symbol": "NTAP", "bestPredictor": "ETR", "numPaths": 51}, {"symbol": "CBRE", "bestPredictor": "NEM", "numPaths": 51}, {"symbol": "LEN", "bestPredictor": "ALL", "numPaths": 692}, {"symbol": "ABC", "bestPredictor": "NEE", "numPaths": 54}, {"symbol": "CFG", "bestPredictor": "BAC", "numPaths": 48}, {"symbol": "FCX", "bestPredictor": "ALL", "numPaths": 59}, {"symbol": "DISH", "bestPredictor": "DIS", "numPaths": 99}, {"symbol": "KEYS", "bestPredictor": "KEY", "numPaths": 63}, {"symbol": "DHI", "bestPredictor": "LIN", "numPaths": 72}, {"symbol": "DXC", "bestPredictor": "ICE", "numPaths": 88}, {"symbol": "RMD", "bestPredictor": "HIG", "numPaths": 50}, {"symbol": "ANSS", "bestPredictor": "NWS", "numPaths": 44}, {"symbol": "ARE", "bestPredictor": "ALL", "numPaths": 2104}, {"symbol": "MXIM", "bestPredictor": "TSCO", "numPaths": 53}, {"symbol": "PFG", "bestPredictor": "COO", "numPaths": 50}, {"symbol": "CINF", "bestPredictor": "AMP", "numPaths": 53}, {"symbol": "CMS", "bestPredictor": "MAR", "numPaths": 63}, {"symbol": "GWW", "bestPredictor": "VNO", "numPaths": 51}, {"symbol": "AJG", "bestPredictor": "LIN", "numPaths": 56}, {"symbol": "CNP", "bestPredictor": "ESS", "numPaths": 56}, {"symbol": "AAL", "bestPredictor": "ALL", "numPaths": 61}, {"symbol": "DISCA", "bestPredictor": "FIS", "numPaths": 52}, {"symbol": "NDAQ", "bestPredictor": "ATO", "numPaths": 46}, {"symbol": "CPRT", "bestPredictor": "WFC", "numPaths": 45}, {"symbol": "GRMN", "bestPredictor": "AMG", "numPaths": 53}, {"symbol": "WAT", "bestPredictor": "ESS", "numPaths": 874}, {"symbol": "CAH", "bestPredictor": "ESS", "numPaths": 60}, {"symbol": "WYNN", "bestPredictor": "AAP", "numPaths": 91}, {"symbol": "EFX", "bestPredictor": "ALL", "numPaths": 57}, {"symbol": "DRI", "bestPredictor": "IBM", "numPaths": 361}, {"symbol": "SWKS", "bestPredictor": "NFLX", "numPaths": 52}, {"symbol": "FTNT", "bestPredictor": "JKHY", "numPaths": 46}, {"symbol": "EVRG", "bestPredictor": "VTR", "numPaths": 49}, {"symbol": "GPC", "bestPredictor": "ARE", "numPaths": 65}, {"symbol": "CAG", "bestPredictor": "ALL", "numPaths": 64}, {"symbol": "COO", "bestPredictor": "ALL", "numPaths": 515}, {"symbol": "DISCK", "bestPredictor": "HFC", "numPaths": 53}, {"symbol": "XYL", "bestPredictor": "ALL", "numPaths": 59}, {"symbol": "SYMC", "bestPredictor": "BAC", "numPaths": 50}, {"symbol": "HBAN", "bestPredictor": "BAC", "numPaths": 44}, {"symbol": "HCP", "bestPredictor": "ROL", "numPaths": 51}, {"symbol": "IFF", "bestPredictor": "ARE", "numPaths": 304}, {"symbol": "HST", "bestPredictor": "ARE", "numPaths": 96}, {"symbol": "SJM", "bestPredictor": "ARE", "numPaths": 63}, {"symbol": "DOV", "bestPredictor": "ALL", "numPaths": 114}, {"symbol": "WDC", "bestPredictor": "AAPL", "numPaths": 428}, {"symbol": "MGM", "bestPredictor": "AAP", "numPaths": 63}, {"symbol": "MLM", "bestPredictor": "VFC", "numPaths": 48}, {"symbol": "STX", "bestPredictor": "ALL", "numPaths": 59}, {"symbol": "TFX", "bestPredictor": "AZO", "numPaths": 61}, {"symbol": "EXR", "bestPredictor": "CAT", "numPaths": 57}, {"symbol": "LNC", "bestPredictor": "ROL", "numPaths": 46}, {"symbol": "DGX", "bestPredictor": "BAC", "numPaths": 51}, {"symbol": "WCG", "bestPredictor": "HES", "numPaths": 53}, {"symbol": "SIVB", "bestPredictor": "FMC", "numPaths": 51}, {"symbol": "DVN", "bestPredictor": "AMD", "numPaths": 82}, {"symbol": "EXPD", "bestPredictor": "CVS", "numPaths": 40}, {"symbol": "KMX", "bestPredictor": "BAC", "numPaths": 47}, {"symbol": "CTXS", "bestPredictor": "ESS", "numPaths": 46}, {"symbol": "XRAY", "bestPredictor": "WELL", "numPaths": 51}, {"symbol": "TIF", "bestPredictor": "AMP", "numPaths": 577}, {"symbol": "MRO", "bestPredictor": "ALL", "numPaths": 73}, {"symbol": "TAP", "bestPredictor": "ALL", "numPaths": 135}, {"symbol": "HAS", "bestPredictor": "ALL", "numPaths": 1193}, {"symbol": "VNO", "bestPredictor": "ESS", "numPaths": 54}, {"symbol": "CTL", "bestPredictor": "ALL", "numPaths": 136}, {"symbol": "AKAM", "bestPredictor": "AAP", "numPaths": 114}, {"symbol": "MAA", "bestPredictor": "MAR", "numPaths": 61}, {"symbol": "RJF", "bestPredictor": "AON", "numPaths": 50}, {"symbol": "NCLH", "bestPredictor": "CAH", "numPaths": 46}, {"symbol": "UDR", "bestPredictor": "ALL", "numPaths": 57}, {"symbol": "ETFC", "bestPredictor": "GPN", "numPaths": 47}, {"symbol": "KSU", "bestPredictor": "BAC", "numPaths": 71}, {"symbol": "HOLX", "bestPredictor": "PGR", "numPaths": 50}, {"symbol": "TSCO", "bestPredictor": "MXIM", "numPaths": 53}, {"symbol": "VAR", "bestPredictor": "ESS", "numPaths": 166}, {"symbol": "TXT", "bestPredictor": "TDG", "numPaths": 48}, {"symbol": "ROL", "bestPredictor": "ALL", "numPaths": 615}, {"symbol": "ATO", "bestPredictor": "ALL", "numPaths": 355}, {"symbol": "WAB", "bestPredictor": "LIN", "numPaths": 56}, {"symbol": "CMA", "bestPredictor": "UAL", "numPaths": 101}, {"symbol": "NBL", "bestPredictor": "ICE", "numPaths": 99}, {"symbol": "ABMD", "bestPredictor": "FLS", "numPaths": 48}, {"symbol": "CPB", "bestPredictor": "HES", "numPaths": 54}, {"symbol": "APA", "bestPredictor": "ESS", "numPaths": 272}, {"symbol": "CHRW", "bestPredictor": "MDLZ", "numPaths": 49}, {"symbol": "TTWO", "bestPredictor": "AAPL", "numPaths": 51}, {"symbol": "VIAB", "bestPredictor": "DUK", "numPaths": 49}, {"symbol": "AAP", "bestPredictor": "AAPL", "numPaths": 6973}, {"symbol": "CBOE", "bestPredictor": "TWTR", "numPaths": 46}, {"symbol": "MAS", "bestPredictor": "ALL", "numPaths": 506}, {"symbol": "KSS", "bestPredictor": "ARE", "numPaths": 56}, {"symbol": "UHS", "bestPredictor": "LIN", "numPaths": 59}, {"symbol": "MYL", "bestPredictor": "DIS", "numPaths": 88}, {"symbol": "LNT", "bestPredictor": "LIN", "numPaths": 59}, {"symbol": "REG", "bestPredictor": "ESS", "numPaths": 436}, {"symbol": "JEC", "bestPredictor": "ALL", "numPaths": 268}, {"symbol": "COG", "bestPredictor": "ESS", "numPaths": 171}, {"symbol": "DRE", "bestPredictor": "ALL", "numPaths": 480}, {"symbol": "AES", "bestPredictor": "ARE", "numPaths": 81}, {"symbol": "URI", "bestPredictor": "ARE", "numPaths": 588}, {"symbol": "EMN", "bestPredictor": "AMP", "numPaths": 60}, {"symbol": "JBHT", "bestPredictor": "EMR", "numPaths": 42}, {"symbol": "PKI", "bestPredictor": "ALL", "numPaths": 57}, {"symbol": "JKHY", "bestPredictor": "LOW", "numPaths": 46}, {"symbol": "PNW", "bestPredictor": "ALL", "numPaths": 60}, {"symbol": "FMC", "bestPredictor": "ESS", "numPaths": 57}, {"symbol": "FTI", "bestPredictor": "DOW", "numPaths": 290}, {"symbol": "ARNC", "bestPredictor": "DFS", "numPaths": 48}, {"symbol": "HSIC", "bestPredictor": "HON", "numPaths": 46}, {"symbol": "UAA", "bestPredictor": "ESS", "numPaths": 52}, {"symbol": "MHK", "bestPredictor": "AMP", "numPaths": 51}, {"symbol": "WRK", "bestPredictor": "ALL", "numPaths": 57}, {"symbol": "FRT", "bestPredictor": "HES", "numPaths": 49}, {"symbol": "NRG", "bestPredictor": "ESS", "numPaths": 59}, {"symbol": "TMK", "bestPredictor": "DIS", "numPaths": 48}, {"symbol": "QRVO", "bestPredictor": "DOW", "numPaths": 51}, {"symbol": "GPS", "bestPredictor": "AMP", "numPaths": 86}, {"symbol": "NOV", "bestPredictor": "ARE", "numPaths": 587}, {"symbol": "PKG", "bestPredictor": "ESS", "numPaths": 76}, {"symbol": "SNA", "bestPredictor": "HAS", "numPaths": 433}, {"symbol": "ALLE", "bestPredictor": "ALL", "numPaths": 898}, {"symbol": "JNPR", "bestPredictor": "DFS", "numPaths": 49}, {"symbol": "MOS", "bestPredictor": "ARE", "numPaths": 559}, {"symbol": "PVH", "bestPredictor": "ESS", "numPaths": 52}, {"symbol": "AVY", "bestPredictor": "AMP", "numPaths": 112}, {"symbol": "TPR", "bestPredictor": "ESS", "numPaths": 125}, {"symbol": "FFIV", "bestPredictor": "ORLY", "numPaths": 45}, {"symbol": "IPG", "bestPredictor": "LLY", "numPaths": 131}, {"symbol": "IRM", "bestPredictor": "ALL", "numPaths": 124}, {"symbol": "ZION", "bestPredictor": "ANET", "numPaths": 45}, {"symbol": "LKQ", "bestPredictor": "ICE", "numPaths": 55}, {"symbol": "DVA", "bestPredictor": "ESS", "numPaths": 203}, {"symbol": "COTY", "bestPredictor": "INTC", "numPaths": 52}, {"symbol": "WHR", "bestPredictor": "MAR", "numPaths": 55}, {"symbol": "PHM", "bestPredictor": "LOW", "numPaths": 49}, {"symbol": "NLSN", "bestPredictor": "ROP", "numPaths": 49}, {"symbol": "IVZ", "bestPredictor": "ADI", "numPaths": 52}, {"symbol": "AOS", "bestPredictor": "STI", "numPaths": 63}, {"symbol": "HII", "bestPredictor": "AZO", "numPaths": 60}, {"symbol": "IPGP", "bestPredictor": "PNC", "numPaths": 52}, {"symbol": "BWA", "bestPredictor": "ALL", "numPaths": 55}, {"symbol": "ADS", "bestPredictor": "ALL", "numPaths": 356}, {"symbol": "FBHS", "bestPredictor": "FIS", "numPaths": 45}, {"symbol": "ALB", "bestPredictor": "HAS", "numPaths": 394}, {"symbol": "KIM", "bestPredictor": "HES", "numPaths": 92}, {"symbol": "UNM", "bestPredictor": "ESS", "numPaths": 66}, {"symbol": "ALK", "bestPredictor": "ALL", "numPaths": 534}, {"symbol": "HFC", "bestPredictor": "ARE", "numPaths": 65}, {"symbol": "XRX", "bestPredictor": "ICE", "numPaths": 51}, {"symbol": "AIV", "bestPredictor": "ESS", "numPaths": 55}, {"symbol": "SLG", "bestPredictor": "BEN", "numPaths": 53}, {"symbol": "RHI", "bestPredictor": "ESS", "numPaths": 68}, {"symbol": "FLIR", "bestPredictor": "ABMD", "numPaths": 46}, {"symbol": "NWS", "bestPredictor": "BXP", "numPaths": 54}, {"symbol": "XEC", "bestPredictor": "ARE", "numPaths": 136}, {"symbol": "PBCT", "bestPredictor": "APH", "numPaths": 50}, {"symbol": "SEE", "bestPredictor": "AZO", "numPaths": 958}, {"symbol": "NWSA", "bestPredictor": "TWTR", "numPaths": 46}, {"symbol": "TRIP", "bestPredictor": "ALL", "numPaths": 219}, {"symbol": "NWL", "bestPredictor": "ICE", "numPaths": 52}, {"symbol": "PRGO", "bestPredictor": "AAPL", "numPaths": 48}, {"symbol": "FLS", "bestPredictor": "ESS", "numPaths": 60}, {"symbol": "CPRI", "bestPredictor": "HES", "numPaths": 51}, {"symbol": "PNR", "bestPredictor": "UAL", "numPaths": 78}, {"symbol": "HBI", "bestPredictor": "ALL", "numPaths": 51}, {"symbol": "JWN", "bestPredictor": "ICE", "numPaths": 53}, {"symbol": "AIZ", "bestPredictor": "LIN", "numPaths": 71}, {"symbol": "JEF", "bestPredictor": "ESS", "numPaths": 104}, {"symbol": "MAC", "bestPredictor": "ARE", "numPaths": 447}, {"symbol": "HOG", "bestPredictor": "ALL", "numPaths": 78}, {"symbol": "NKTR", "bestPredictor": "ALGN", "numPaths": 56}, {"symbol": "PWR", "bestPredictor": "ICE", "numPaths": 62}, {"symbol": "HRB", "bestPredictor": "ESS", "numPaths": 52}, {"symbol": "LEG", "bestPredictor": "ALL", "numPaths": 433}, {"symbol": "AMG", "bestPredictor": "AAP", "numPaths": 124}, {"symbol": "FLR", "bestPredictor": "HES", "numPaths": 58}, {"symbol": "MAT", "bestPredictor": "ARE", "numPaths": 828}]